CHROMATOGRAM,
Lion_3_6uL.raw,
Data points: 2862,
Time,Intensity
0.003608651,0
0.008260619,0
0.011406449,0
0.013731368,0
0.0160543,0
0.018377168,0
0.020702202,0
0.023025103,0
0.025350069,0
0.027672985,0
0.029995902,0
0.032320868,1337.339844
0.034643753,0
0.036968767,0
0.039291651,0
0.041614536,0
0.04393955,0
0.046262403,0
0.048585335,0
0.050910333,0
0.053233217,0
0.055558168,1314.179443
0.0578811,0
0.060206083,0
0.062528967,1194.353882
0.064851883,0
0.067176886,0
0.069499786,0
0.071824717,1436.28064
0.074147669,0
0.076472635,0
0.0787955,0
0.081120502,0
0.083443402,0
0.085766283,0
0.088091249,0
0.092593367,1557.490967
0.094916236,0
0.097241234,0
0.099564083,0
0.10188907,0
0.10421203,0
0.10653492,0
0.10885985,0
0.1111828,0
0.11350778,0
0.11583065,0
0.1181536,0
0.12047857,0
0.12280149,0
0.12512642,2008.204468
0.12744937,0
0.12977225,0
0.13209724,0
0.13442014,0
0.13674513,0
0.13906803,2459.862305
0.1413909,0
0.14371592,0
0.14603882,0
0.1483617,0
0.15068668,0
0.15300955,0
0.15533457,0
0.15765748,0
0.15998038,0
0.1623053,0
0.16462827,0
0.16695323,0
0.16927612,1621.78772
0.17159902,1930.05603
0.17610737,1506.809326
0.17843022,0
0.18075523,0
0.18309273,0
0.18541559,0
0.18774064,0
0.19006352,0
0.1923864,0
0.19471138,0
0.1970343,0
0.1993593,0
0.20168217,0
0.20401548,0
0.20633835,0
0.20866338,0
0.21098627,2362.177734
0.21330918,0
0.21563412,0
0.21795705,0
0.22027997,0
0.22260492,0
0.22492785,0
0.22725278,0
0.22957572,0
0.2318986,0
0.2342236,0
0.23655068,0
0.23887357,0
0.24119857,0
0.24352148,0
0.24584645,0
0.24816935,0
0.25049225,0
0.2528172,0
0.2551401,0
0.25963797,0
0.2619609,0
0.26428587,0
0.2666088,0
0.26893167,0
0.27125668,0
0.27358585,1538.993286
0.2759087,0
0.27823373,0
0.28055663,0
0.28287952,0
0.28520447,0
0.2875274,0
0.28985863,0
0.29218362,0
0.29450652,0
0.29682943,0
0.2991544,0
0.30147728,0
0.30380022,1398.713013
0.30612518,0
0.30844807,1249.627563
0.31077309,0
0.31309593,0
0.31541888,0
0.31774387,0
0.320073,0
0.32239587,0
0.32471882,0
0.32704797,0
0.32937085,0
0.33169583,0
0.33401875,0
0.33634165,0
0.3386666,0
0.34316455,0
0.34548742,0
0.3478103,0
0.35013527,1798.628418
0.3524582,1506.293335
0.35478108,0
0.35710608,0
0.35942897,0
0.36175397,0
0.36408312,0
0.36640597,1426.961792
0.36873102,0
0.37105393,0
0.37337679,0
0.37570175,0
0.37802468,0
0.380358,0
0.38268088,0
0.38500588,0
0.38732878,0
0.38965168,0
0.39197662,0
0.39429957,0
0.39663289,0
0.39895577,1548.308716
0.4012787,0
0.40360368,0
0.40592657,0
0.40824945,0
0.41057447,0
0.41289732,0
0.41522232,0
0.41754523,0
0.41986812,0
0.42219309,2070.950928
0.42670562,0
0.42903052,0
0.43135348,0
0.43367845,0
0.43600134,0
0.43832428,0
0.44064923,0
0.44297215,0
0.44529709,2540.528564
0.44762002,0
0.44994293,0
0.45226788,2491.711914
0.45459085,1525.897949
0.45691372,2254.397705
0.45923868,1414.30835
0.4615616,0
0.46388658,0
0.46620948,1717.077271
0.46853238,0
0.47085735,0
0.47318022,2097.362305
0.47550523,1748.611572
0.47782808,2299.59082
0.48015103,2371.009033
0.48247598,0
0.48479892,1545.972778
0.4871239,0
0.48944678,2606.935303
0.49176972,2986.613037
0.4940947,0
0.49641759,2180.180908
0.49874049,1890.720947
0.50106548,0
0.5033884,0
0.50571332,2058.14502
0.51021127,2777.642334
0.51253413,0
0.51485703,0
0.51718204,0
0.51950494,3054.194336
0.52182985,1572.119507
0.52415282,2504.875732
0.52647567,0
0.52880069,3327.873047
0.53112362,1758.588745
0.53344857,2174.015381
0.53577147,2898.072754
0.53809438,0
0.54041937,1880.995117
0.54274227,0
0.54506517,1984.069458
0.54739015,0
0.54971307,2675.845947
0.55203802,2807.733154
0.55436097,0
0.55668385,2800.803955
0.55900878,0
0.56133173,0
0.56367127,0
0.5659942,3208.285889
0.56831918,2950.326416
0.57064209,2437.300293
0.57296493,0
0.57528997,0
0.57762744,1906.625
0.57995032,2542.455566
0.58227532,0
0.58459823,0
0.58692117,0
0.58924607,2524.740234
0.5937482,1687.463379
0.59607104,1901.031006
0.5983961,0
0.6007189,1543.492676
0.60304183,1770.755005
0.60536683,2300.373779
0.60768973,1907.163086
0.61001265,0
0.61233762,0
0.6146751,2910.638916
0.61700003,3618.401367
0.61932298,2233.902832
0.62164587,1756.774292
0.62397089,2117.781738
0.62629373,0
0.62861873,2800.364746
0.63095417,0
0.6332791,2820.32666
0.63560205,2152.21582
0.63792495,0
0.64024993,2449.617432
0.64257278,2375.394287
0.64489574,1852.861816
0.64722072,0
0.64954358,0
0.6518686,2382.936035
0.6541915,3223.50708
0.65651439,2039.978882
0.65883935,0
0.66116223,2865.854248
0.66348725,0
0.66581015,1840.350952
0.66813305,2319.15918
0.670458,0
0.67278088,2791.963135
0.67728093,3186.001709
0.67960583,1918.540649
0.68192877,1971.946167
0.68425169,2012.071777
0.68657662,0
0.68889957,1962.025513
0.69122455,2171.030762
0.69354745,0
0.6958703,2511.039307
0.69819533,2794.654785
0.70051822,2855.869385
0.7028432,3061.277344
0.70516612,0
0.707489,2816.799805
0.709814,0
0.71213687,2534.716309
0.71446188,0
0.71678478,2446.848877
0.71910767,0
0.721441,2239.164063
0.72376595,0
0.72608888,2282.012207
0.72841382,3749.477051
0.73073677,1878.984253
0.73305963,2726.007813
0.73538463,2545.370117
0.73771175,0
0.74003458,2424.600342
0.7423596,0
0.7446825,1763.873413
0.7470054,0
0.74933035,2520.155762
0.75165325,2853.679443
0.75397825,0
0.75849287,2925.733887
0.76081575,2579.010742
0.76313862,2437.88916
0.76546362,0
0.7677865,3172.527588
0.77011148,2668.611328
0.7724344,2764.887939
0.77475729,0
0.77708225,0
0.77940517,2240.212646
0.78173015,1658.962158
0.78405307,0
0.78637592,0
0.78870093,0
0.7910238,2857.42627
0.7933488,0
0.79567173,2525.269775
0.79799463,3243.213867
0.80031962,2838.682861
0.80264248,3047.191406
0.80496542,0
0.8072904,0
0.80961328,0
0.81193827,0
0.81426115,0
0.81658405,2770.190186
0.81890905,0
0.821232,4489.195313
0.82355695,0
0.82587985,0
0.82821943,0
0.83054437,0
0.8328673,0
0.83519017,0
0.83751517,0
0.84216515,0
0.84448807,3270.729248
0.84681303,0
0.84913593,3759.908203
0.85145882,0
0.87197533,0
0.88911478,0
0.90142932,0
0.91865013,0
0.93587697,3129.055176
0.95090602,0
0.9632351,0
0.97214965,0
0.98446203,0
0.9967786,0
1.009089,0
1.0290367,0
1.0462699,2864.893555
1.0669052,0
1.087547,0
1.1107445,0
1.1313695,3760.178223
1.1520006,0
1.1726358,0
1.1958668,0
1.2130979,2650.360352
1.2303249,0
1.2426498,0
1.2598789,0
1.2715184,0
1.2804329,0
1.2893557,0
1.2982703,2243.323975
1.3071868,0
1.3127014,2279.039307
1.3182139,2547.155518
1.3237305,0
1.3292554,0
1.33477,0
1.3402845,0
1.3481928,0
1.3537074,0
1.3579492,0
1.3602719,0
1.3625969,0
1.3649198,2272.552002
1.3672427,0
1.3695677,0
1.3718906,0
1.3742135,1838.366211
1.3765385,0
1.3788614,0
1.3811864,2126.82251
1.3835092,0
1.3858321,0
1.3881572,2505.388916
1.39048,0
1.392805,0
1.3951279,0
1.3974508,0
1.3997758,3675.472168
1.4020987,0
1.4044237,0
1.4067466,0
1.4090695,0
1.4113945,2596.427002
1.4137174,0
1.4160402,0
1.4183653,0
1.4206881,0
1.4252134,0
1.427536,0
1.429861,0
1.4321839,0
1.4345068,0
1.4368318,0
1.4391547,0
1.4414776,0
1.4438026,2887.380859
1.4461255,0
1.4484504,0
1.4507734,0
1.4530962,0
1.4554212,0
1.4577566,0
1.4600795,0
1.4624045,0
1.4647274,0
1.4670524,0
1.4693753,0
1.4716982,0
1.4740419,0
1.4763648,0
1.4786898,0
1.4810127,0
1.4833356,0
1.4856606,0
1.4912439,0
1.4954752,3116.23999
1.4978001,0
1.5033896,0
1.5089021,0
1.5171375,3283.449463
1.5212169,0
1.5235416,0
1.5358894,0
1.5524893,0
1.572485,0
1.5926849,0
1.6156701,0
1.6362616,0
1.6569094,0
1.6772863,0
1.7000966,0
1.7199839,0
1.7401755,0
1.7600754,0
1.7824627,0
1.8022375,0
1.821802,0
1.8414248,0
1.8637058,0
1.8832578,0
1.9028056,22310.26953
1.92222,0
1.9444719,0
1.9640947,0
1.9836654,11308.1377
2.0031611,0
2.0226901,0
2.04224,0
2.0616815,0
2.0813376,35200.45313
2.1011084,32200.11133
2.1235936,8677.853516
2.1430643,0
2.1621058,185946.2813
2.1818391,310228.3438
2.2041368,98489.21875
2.2236054,19074.74609
2.2434052,9606.716797
2.2630052,0
2.2853591,15297.73633
2.3047757,0
2.3231047,28364.54297
2.3416588,62433.27734
2.3638752,88766.60156
2.383498,24020.875
2.4031729,15823.91113
2.4230456,0
2.4430101,0
2.4623162,0
2.4805036,0
2.4986451,0
2.5138013,0
2.5292012,0
2.5427406,0
2.5569822,0
2.5720113,0
2.5869758,0
2.6070569,0
2.6241547,0
2.6432378,0
2.6630648,0
2.6831063,0
2.7060083,0
2.7263456,0
2.7469163,0
2.766487,0
2.7862931,0
2.8062596,0
2.8255887,0
2.8449907,0
2.8671946,0
2.8851445,0
2.9038068,0
2.9232651,0
2.9451982,0
2.963271,0
2.9780209,0
2.995227,0
3.014804,0
3.0371413,0
3.0563954,0
3.0749411,0
3.0946097,0
3.1168991,0
3.1367531,0
3.1570571,0
3.1773758,0
3.2003131,0
3.2202609,0
3.2400857,0
3.2595107,0
3.2792542,0
3.2971021,0
3.3151623,0
3.3331434,0
3.3528537,66612.30469
3.3753535,57247.41406
3.3946388,0
3.4110908,0
3.4247033,0
3.4412614,0
3.4565863,0
3.4745195,0
3.4929673,33444.17578
3.5117318,364563.9375
3.5341795,521393.2813
3.5539502,0
3.5739896,117838.9297
3.593502,40557.16406
3.6164039,110441.4609
3.6359892,73097.22656
3.6555474,1278548.625
3.6751286,7028353
3.6974658,6843358.5
3.7170845,3486415.5
3.7365593,2263122.75
3.7545571,1077350.125
3.7721841,401683.3125
3.7916381,356879.3125
3.8115546,323759
3.8311899,202805.0938
3.8504835,79025.67969
3.8694146,0
3.8830833,0
3.8919311,0
3.9021665,0
3.9109977,0
3.9198351,0
3.9289018,0
3.9382309,0
3.9482558,0
3.9626994,0
3.9757431,0
3.9905179,0
4.0054491,0
4.024201,0
4.041076,163858.4375
4.0596216,1325627.875
4.0795632,1796805
4.098963,1125825.25
4.1196649,415676.375
4.1340815,216259.3125
4.1468314,215175.75
4.162448,239129.9531
4.1790958,3048675.25
4.2000581,32084116
4.2184226,27459988
4.2371121,14729920
4.2562432,5829480
4.2790159,4035081.25
4.2985054,1848531
4.3172656,824875.625
4.3358343,323040.0625
4.3585049,152551.0313
4.3786362,105217.8203
4.3992464,67682.65625
4.4201025,55845.25781
4.4404148,52355.69531
4.4627042,70503.03125
4.4824562,57058.93359
4.5020664,54886.03906
4.5217455,36356.88672
4.5442682,47326.38672
4.5637576,40880.10938
4.5831617,29387.54492
4.6024095,0
4.6174698,0
4.6284551,0
4.6392801,0
4.6509779,0
4.6660486,29651.44922
4.6829548,0
4.7038379,0
4.7185753,41446.78906
4.7339836,30609.19922
4.7498147,22731.50195
4.768075,20753.75
4.7896769,26015.13086
4.8075226,21901.72852
4.8261225,7954.995117
4.8459661,7285.259766
4.8687785,13013.58984
4.8888451,11332.41992
4.9092387,9066.483398
4.9299781,8249.241211
4.9524507,10611.13379
4.9721819,12758.94922
4.9916984,13270.78711
5.0110566,0
5.031121,0
5.0479626,0
5.0646979,0
5.0809957,0
5.0919831,0
5.103631,0
5.1127663,0
5.1227538,0
5.1320225,0
5.1418412,0
5.1515994,0
5.1620181,0
5.1730305,0
5.1862825,0
5.1985533,0
5.2131553,0
5.2280281,0
5.2439967,0
5.2612278,0
5.2827401,0
5.3024941,0
5.3228045,0
5.343048,0
5.3662584,0
5.3870977,3954.192627
5.407933,4363.679688
5.42036,6118.717773
5.4400432,0
5.4627222,0
5.4826887,0
5.5035323,8622.404297
5.5242426,5458.948242
5.54508,6192.820313
5.5650173,0
5.5849775,7703.612305
5.6051483,0
5.6287481,4531.47168
5.6377855,3945.216553
5.6468146,0
5.6558458,0
5.6648833,0
5.6739269,0
5.6891122,0
5.6981434,0
5.7071725,3668.486572
5.7127433,2927.448242
5.7183099,0
5.7238724,3362.268066
5.7294432,0
5.7350244,0
5.7405931,0
5.7461597,4059.121094
5.7517222,4193.789551
5.7572868,3700.710205
5.7652471,0
5.7708117,0
5.7750658,4600.660156
5.7806303,3742.789307
5.7861949,3103.101318
5.7917698,2841.819824
5.7973344,4357.958496
5.8028968,0
5.8084614,4274.093262
5.8140322,3739.566406
5.8195988,0
5.8251654,0
5.8307279,0
5.8362924,3407.659668
5.8452883,4857.956055
5.8570111,3672.067627
5.8659735,3499.140381
5.8749359,6285.637207
5.8838984,3107.568848
5.8928691,2699.990479
5.901867,3407.622314
5.9074378,4679.097656
5.9130044,3101.507813
5.9220169,5242.935547
5.9275793,3568.818848
5.9320772,3723.281738
5.9344001,2842.805176
5.936723,0
5.939048,4528.279297
5.9413709,5200.466309
5.9437188,2846.374512
5.9460438,0
5.9483666,3947.647217
5.9539354,4738.949707
5.9580166,0
5.9670457,0
5.9759602,0
5.9849747,4757.586426
5.9937059,4398.890137
6.0027246,4694.08252
6.0117391,3240.852051
6.0234807,5242.962891
6.0359264,0
6.0448118,3578.172852
6.0568971,5258.633789
6.0693637,3648.731689
6.0818157,0
6.0942594,0
6.1094259,3037.043701
6.1268176,0
6.1442069,4563.766113
6.156636,0
6.1690672,0
6.1815171,4793.479492
6.1932441,6440.765625
6.2022482,5986.530273
6.2145919,3849.814209
6.2354688,0
6.2479125,2863.161377
6.2569166,2744.1604
6.2652124,4073.553955
6.2707769,0
6.2763393,0
6.2853705,6322.302734
6.2943996,0
6.303435,3813.149414
6.3124641,30654.79883
6.3246432,2983.158936
6.333641,40065.50781
6.3422826,4115.531738
6.3540055,3556.319824
6.3630491,0
6.3720845,0
6.3811178,3363.491211
6.3901531,0
6.3991864,3095.543457
6.4082155,2936.313721
6.4172446,5012.280273
6.4262738,3566.38501
6.4380257,29904.68945
6.4470444,12482.82813
6.4560569,6065.956543
6.4601339,4476.158203
6.4624568,4155.640625
6.4647818,0
6.4671047,0
6.4694276,3912.460205
6.4717901,3729.774658
6.474113,3157.810547
6.4764359,3983.183838
6.4787609,2602.17334
6.4810838,0
6.4834087,3165.304199
6.4857317,3528.241699
6.4880545,19290.17188
6.4903795,14042.56738
6.4959941,14063.00488
6.500244,9118.666016
6.502567,3810.512207
6.5048919,0
6.5093921,0
6.5117148,4904.558105
6.514069,0
6.5163939,0
6.5187169,0
6.5210398,3175.515381
6.5233647,2714.828369
6.5256876,2896.617432
6.5280126,0
6.5303605,3955.123779
6.5359584,2612.400146
6.5415104,4267.931641
6.5470749,3580.084717
6.5526207,3813.432861
6.5581686,0
6.5637186,5027.935059
6.5688935,4157.104492
6.5744393,3660.57251
6.5864059,0
6.6066496,0
6.6175765,0
6.6350243,0
6.6474951,3742.531006
6.6600221,3517.418701
6.6774949,0
6.7007009,0
6.7215029,0
6.7422798,0
6.7630945,3927.261963
6.7866276,6749.358887
6.8074418,14749.46777
6.8198855,4291.26416
6.8323125,0
6.8447541,3816.417969
6.856479,3687.189941
6.862029,0
6.8675769,2655.644043
6.8718143,3435.792969
6.8808205,0
6.886383,3406.713379
6.8919475,0
6.89751,0
6.9065078,0
6.9155078,0
6.9245035,0
6.9327744,0
6.9370159,0
6.9425763,2419.661865
6.9468097,2822.546631
6.9491325,0
6.9514846,4454.96875
6.9570262,4040.604492
6.9625678,0
6.9715366,3859.876221
6.980499,2757.270264
6.9894635,0
6.9949947,3855.447021
7.0005384,8893.416016
7.0060675,6780.706055
7.0105676,10753.64648
7.0128904,5962.136719
7.0152133,8654.916016
7.0175383,4962.958008
7.0198612,4328.667969
7.0221862,6133.701172
7.0245091,7618.90918
7.026832,3617.876221
7.029157,2730.887695
7.0315028,3245.619141
7.0338257,5509.92334
7.0361507,4360.065918
7.0384736,2794.965332
7.0407986,2501.116699
7.0431214,3961.56665
7.0454444,5866.058594
7.047786,2931.804443
7.0501089,3601.255127
7.0524339,0
7.0547568,0
7.0570797,0
7.0594047,3012.918701
7.0617276,2604.806885
7.0640505,3805.799561
7.0663755,3325.097656
7.0687317,3438.197754
7.0710546,3304.567139
7.0733796,0
7.0790087,2781.974365
7.0845815,2846.29541
7.090144,0
7.0984273,0
7.1039918,0
7.1095606,4704.907715
7.1151418,0
7.1241875,5462.874023
7.1332333,2558.998779
7.1387979,4286.297363
7.1443603,0
7.1568832,7498.967773
7.1778059,4171.220215
7.2014787,6785.650391
7.221866,18492.48633
7.242743,18778.83008
7.2633201,9979.15625
7.2859426,14867.13867
7.3067698,5771.477539
7.3275965,3711.855713
7.3449652,0
7.3684546,0
7.3774337,0
7.3864149,2721.598633
7.3988023,0
7.4111938,0
7.4201771,2840.634521
7.4291583,0
7.4408645,0
7.4450749,0
7.4473978,0
7.4497228,4971.066406
7.4520457,0
7.4543686,0
7.4566935,2329.645508
7.4590164,0
7.4613414,3267.24292
7.4636727,0
7.4659977,0
7.4683206,0
7.4706435,2802.442871
7.4729685,0
7.4752913,0
7.4776163,0
7.4799559,0
7.4822788,0
7.4846038,0
7.4869267,0
7.4892496,0
7.4915745,2677.950195
7.4938975,0
7.4962225,3213.932861
7.4985453,5207.589355
7.5008933,0
7.5032161,11283.95703
7.5055411,4610.680664
7.5134474,3438.629639
7.517691,0
7.520014,2487.047852
7.5223598,0
7.5246847,2772.891113
7.5270076,6172.355469
7.5293306,0
7.5316555,4925.329102
7.5339784,4058.994385
7.5363034,3169.164063
7.5386263,0
7.5409492,0
7.5432742,0
7.5455971,3128.085449
7.5479221,0
7.550245,4713.744141
7.5525679,2991.076172
7.5548928,0
7.5604845,0
7.5647262,3595.758545
7.567049,7405.721191
7.5760844,3006.571533
7.5850302,0
7.589276,3573.417969
7.5972134,3476.32251
7.6061633,0
7.6116779,0
7.6159154,2808.094727
7.6182382,0
7.6205632,3521.174561
7.6228861,2529.540039
7.6252091,0
7.627534,3085.929199
7.6331027,0
7.6386173,3577.165039
7.6441297,2804.407471
7.6496443,2751.170166
7.6551609,0
7.6592296,0
7.6647462,0
7.6702608,0
7.6757732,0
7.6836753,5459.999023
7.6891919,4159.165527
7.6947086,5437.592285
7.6989543,3549.687744
7.7079355,0
7.7169084,4446.027344
7.7293541,0
7.7467125,4878.906738
7.7640999,0
7.779285,0
7.7966267,2683.91626
7.8056286,3055.477295
7.814616,0
7.8235951,3395.571045
7.8325763,0
7.8381263,0
7.8494616,0
7.8584095,4371.290039
7.8626533,0
7.8649761,0
7.8673011,5172.25293
7.869624,0
7.8719469,0
7.8775343,4077.827393
7.8830489,3297.449219
7.895505,0
7.907157,0
7.9187486,0
7.9386756,0
7.9621567,4688.040039
7.9830482,0
7.9954939,5332.350586
8.0079501,9605.554688
8.0197229,11420.8418
8.0319582,15196.98633
8.0435519,0
8.0620101,17412.69727
8.081287,8890.725586
8.1016953,15892.66797
8.1254596,11381.38867
8.1345471,12175.7793
8.1435428,12467.34082
8.1525386,14886.78906
8.1615344,17117.64453
8.1705302,19458.70898
8.1829738,15664.85742
8.1946717,17992.71484
8.1987613,23932.53906
8.2010863,28550.69531
8.2034091,21540.62891
8.2124694,19270.11719
8.2214548,11371.89258
8.2304464,11608.82227
8.2394422,12063.58398
8.2449692,9792.316406
8.2504838,9512.505859
8.2547296,10865.54395
8.2592504,10398.68652
8.2647649,15597.22168
8.2702837,8172.609375
8.274517,8013.222656
8.2768419,8418.72168
8.2791648,11204.20117
8.2847502,8833.274414
8.2902647,5386.117676
8.2957793,4525.681641
8.3013001,7061.374512
8.3053814,7784.499512
8.3077042,10457.53613
8.3133188,5598.649902
8.3188333,7925.263184
8.324348,4255.183105
8.3285895,5202.529297
8.3309124,7785.326172
8.3332749,6905.222656
8.3355978,7398.706543
8.3379228,7883.205566
8.342427,8202.507813
8.3447498,5676.461914
8.3470727,5004.666992
8.3493977,3894.230713
8.3517206,0
8.3540456,4068.756836
8.3563684,0
8.3586914,4606.53418
8.3610164,4569.703613
8.3633393,3728.235596
8.3656643,0
8.3679872,6966.137207
8.370333,4605.448242
8.3726559,0
8.3749809,5955.132813
8.3773038,0
8.3796267,4466.189453
8.3819516,2788.240234
8.3842745,6194.05127
8.3866183,5378.032715
8.3889433,6193.971191
8.3912662,0
8.3935891,5541.698242
8.395914,4792.834961
8.3982369,5375.312988
8.4038203,3440.033936
8.4080661,0
8.410391,5015.181152
8.4127139,5068.695313
8.4150389,5633.914551
8.4173618,4026.843994
8.4196847,3400.924072
8.4220097,5434.058105
8.4265096,4479.017578
8.4320346,3445.625977
8.4375471,0
8.4430616,3160.331299
8.4473034,3393.40332
8.4528199,0
8.4570784,3060.827637
8.4594032,0
8.461726,0
8.4640511,3419.391113
8.4663865,2722.25293
8.4687114,2949.632813
8.4710344,3673.25708
8.4766322,2773.92749
8.4821488,6532.934082
8.4876654,4371.641602
8.4917467,3598.405029
8.4972654,5924.650391
8.5015091,5776.021484
8.5070216,4839.431152
8.5149298,4088.202393
8.5204444,0
8.5245131,0
8.5300277,0
8.5341068,2934.268066
8.5396214,0
8.5438672,3783.710205
8.54939,0
8.5549025,0
8.5604171,3339.817139
8.5646649,3827.915527
8.5701794,0
8.575694,0
8.5812106,3521.759277
8.5854522,3951.750732
8.5909669,0
8.5956022,0
8.5979251,0
8.6002605,3307.7771
8.6025855,3639.100098
8.6049354,3560.307129
8.6105041,2105.510742
8.6145855,0
8.6169104,0
8.6192333,0
8.6215562,0
8.6238812,0
8.6262165,0
8.6317748,2537.54541
8.6372915,4691.07959
8.642806,0
8.6483226,2543.539551
8.6538392,0
8.6593622,0
8.6648767,2649.811768
8.6703892,0
8.6746309,3771.142334
8.6791287,0
8.6814516,2951.304199
8.6870203,0
8.6912911,3528.674561
8.6968056,3392.507568
8.7023223,2409.826416
8.7078389,2827.445313
8.7133702,3882.319092
8.7176117,0
8.7231263,0
8.7286575,3656.847656
8.7341762,3140.040039
8.739697,3615.674072
8.7452115,0
8.7507282,0
8.7562427,3814.769531
8.7641428,3493.023926
8.7683905,0
8.7739051,0
8.7781446,0
8.7836592,0
8.7879155,0
8.7902384,0
8.7925633,0
8.7948862,0
8.8004633,0
8.8047132,0
8.8070361,0
8.8126111,0
8.8166819,0
8.8190048,2323.589355
8.8213298,0
8.8269089,0
8.8324234,0
8.837936,0
8.8421838,0
8.846688,0
8.8490109,2014.939575
8.8513337,0
8.8569108,0
8.8624232,4272.285156
8.8679378,2899.170898
8.8734523,0
8.8789669,0
8.883221,0
8.8855439,0
8.887869,0
8.8901918,0
8.8925147,2144.131104
8.8948397,0
8.8971772,0
8.8995001,0
8.901823,0
8.904148,0
8.9064709,0
8.9087959,0
8.9111187,0
8.9134417,0
8.9157667,0
8.9180895,0
8.9204125,0
8.9227374,4557.929688
8.9272417,0
8.9295644,0
8.9318894,0
8.9342123,0
8.9365352,0
8.9388602,0
8.9411935,2367.989014
8.9435164,0
8.9458394,0
8.9481643,0
8.9504872,0
8.9528122,2471.322754
8.9551351,0
8.957458,0
8.959783,0
8.9621059,0
8.9644308,2704.294678
8.9667538,0
8.9690767,2165.282471
8.9714017,0
8.9737246,0
8.9760495,0
8.9783891,2883.891602
8.980712,2971.630615
8.983037,0
8.9853599,0
8.9876828,0
8.9900077,0
8.9923307,0
8.9946765,0
8.9970015,0
8.9993244,0
9.0016472,0
9.0039722,0
9.0084723,0
9.0107972,3416.071289
9.0131201,0
9.0154451,0
9.017768,0
9.0200909,0
9.0224159,0
9.0247388,0
9.0270617,0
9.0293867,2179.736084
9.0317367,0
9.0340616,0
9.0363845,0
9.0387095,0
9.0410324,0
9.0433553,0
9.0456803,0
9.0480115,0
9.0503344,0
9.0526594,0
9.0549823,0
9.0573073,0
9.0596302,0
9.0619531,0
9.0642781,2137.208984
9.066601,0
9.0689489,0
9.0712718,0
9.0735968,0
9.0759197,0
9.0782426,0
9.0805675,0
9.0828904,0
9.0852384,0
9.0875612,0
9.0920633,0
9.0943883,0
9.0967111,0
9.0990362,0
9.1013799,0
9.1037049,0
9.1060278,0
9.1083506,0
9.1106757,0
9.1129985,0
9.1153236,0
9.1176465,0
9.1199694,0
9.1223152,0
9.1246401,0
9.1269631,0
9.129286,0
9.1316109,0
9.1339338,0
9.1362588,0
9.1386047,0
9.1409275,0
9.1432505,0
9.1455755,0
9.1478983,0
9.1502233,0
9.1525462,0
9.1548691,0
9.1571941,0
9.159517,0
9.161842,0
9.1641649,0
9.1664878,0
9.1688128,0
9.1711357,0
9.1756378,0
9.1779606,0
9.1802856,0
9.1826085,0
9.1849314,0
9.1872564,0
9.1895793,0
9.1919188,0
9.1942417,0
9.1965667,0
9.1988897,0
9.2012126,0
9.2035375,0
9.2058604,0
9.2082,0
9.2105229,0
9.2128458,0
9.2151708,0
9.2174937,2267.724609
9.2198186,0
9.2221416,0
9.2244645,2076.039307
9.2267894,1708.819336
9.2291124,1824.832031
9.2314373,0
9.2337602,0
9.2360831,0
9.2384081,0
9.240731,2225.849854
9.243056,0
9.2453997,0
9.2477226,0
9.2500476,0
9.2523705,0
9.2546934,2446.008545
9.2591871,0
9.26151,0
9.263835,0
9.2661579,0
9.2684808,0
9.2708058,0
9.2731287,0
9.2754537,0
9.2777766,1843.108521
9.2800995,0
9.2824349,0
9.2847578,2206.997559
9.2870828,2000.715454
9.2894057,0
9.2917286,0
9.2940535,0
9.2963765,0
9.2987015,0
9.3010243,3163.653564
9.3033472,0
9.3056722,0
9.3079951,0
9.3103201,0
9.312643,0
9.3149659,0
9.3172909,0
9.3196138,0
9.3219387,0
9.3242617,0
9.3265845,0
9.3289096,0
9.3312324,0
9.3335574,0
9.3358804,0
9.3382032,0
9.3427032,0
9.3450282,0
9.347351,0
9.3496761,0
9.3520031,0
9.3543281,0
9.356651,0
9.358974,1300.118896
9.3612989,0
9.3636218,0
9.3659447,0
9.3682697,0
9.3705926,0
9.3729176,0
9.3752404,0
9.3775634,0
9.3798884,0
9.3822113,0
9.3845362,0
9.3868591,0
9.3891883,0
9.3915112,0
9.3938362,0
9.3961591,0
9.3984841,0
9.4008069,0
9.4031299,0
9.4054548,0
9.4077777,0
9.4101007,0
9.4124256,0
9.4147485,1631.21167
9.4170735,0
9.4193964,0
9.4217193,0
9.4262298,0
9.4285547,0
9.4308776,0
9.4332026,0
9.4355255,0
9.4378483,0
9.4401733,0
9.4425025,0
9.4448254,0
9.4471504,0
9.4494733,0
9.4517962,0
9.4541211,0
9.4564441,0
9.4587691,0
9.4610919,0
9.4634149,0
9.4657398,0
9.4680627,0
9.4703877,0
9.4727106,0
9.4750335,0
9.4773585,0
9.4796814,0
9.4820043,0
9.4843293,0
9.4866522,0
9.4889772,0
9.4913,0
9.493623,0
9.495948,0
9.4982708,0
9.5005958,0
9.5029187,0
9.5052416,0
9.5097437,0
9.5120666,0
9.5143895,0
9.5167145,0
9.5190374,0
9.5213624,0
9.5236853,0
9.5260082,0
9.5283331,0
9.530656,0
9.532981,0
9.5353039,0
9.5376268,0
9.5399518,0
9.5422747,0
9.5445996,0
9.5469226,0
9.5492455,0
9.5515705,0
9.5538934,0
9.5562183,0
9.5585412,0
9.5608641,0
9.5631892,0
9.5655121,0
9.5678349,0
9.5701599,0
9.5724828,0
9.5748078,0
9.5771307,0
9.5794536,0
9.5817786,0
9.5841015,0
9.5864265,0
9.5887493,0
9.5932514,0
9.5955764,0
9.5978993,0
9.6002222,0
9.6025472,0
9.6048701,0
9.6071951,0
9.609518,0
9.6118409,0
9.6141658,0
9.6164888,0
9.6188138,0
9.6211367,0
9.6234596,0
9.6257845,0
9.6281074,0
9.6304324,0
9.6327553,0
9.6350782,0
9.6374032,0
9.6397261,0
9.642049,0
9.644374,0
9.6466969,0
9.6490219,0
9.6513448,0
9.6536677,0
9.6559927,0
9.6583155,0
9.6606405,0
9.6629634,0
9.6652863,0
9.6676113,0
9.6699342,0
9.6722592,0
9.6767654,0
9.6790883,0
9.6814112,0
9.6837362,0
9.6860591,0
9.688382,0
9.690707,0
9.6930341,0
9.695359,0
9.697682,0
9.7000049,0
9.7023298,0
9.7046527,0
9.7069777,0
9.7093048,0
9.7116298,0
9.7139527,0
9.7162756,0
9.7186006,0
9.7209235,0
9.7232484,0
9.7255713,0
9.7278942,0
9.7302276,0
9.7325504,0
9.7348755,0
9.7371983,0
9.7395212,0
9.7418462,0
9.7441691,0
9.7465004,0
9.7488233,0
9.7511483,0
9.7534711,0
9.755794,0
9.7602961,0
9.762619,0
9.764944,0
9.7672669,0
9.7695898,0
9.7719148,0
9.7742377,0
9.7765627,0
9.7788877,0
9.7812126,0
9.7835355,0
9.7858584,0
9.7881834,0
9.7905063,0
9.7928292,0
9.7951542,0
9.7974771,0
9.7998042,0
9.8021271,0
9.804452,0
9.8067749,0
9.8090978,0
9.8114228,0
9.8137457,0
9.8160707,0
9.8183936,0
9.8207165,0
9.8230415,0
9.8253644,0
9.8276873,0
9.8300123,0
9.8323352,0
9.8346601,0
9.8369831,0
9.8393059,0
9.8438142,0
9.8461371,0
9.8484621,0
9.850785,0
9.85311,0
9.8554329,0
9.8577558,0
9.8600808,0
9.8624037,0
9.8647286,0
9.8670516,0
9.8693745,1218.21521
9.8716995,0
9.8740224,0
9.8763453,1355.837036
9.8786703,0
9.8809931,0
9.8833181,0
9.885641,0
9.8879639,0
9.8902889,0
9.8926118,0
9.8949368,0
9.8972597,0
9.8995826,0
9.9019076,0
9.9042305,0
9.9065555,0
9.9088783,0
9.9112013,0
9.9135263,0
9.9158492,0
9.918172,0
9.920497,0
9.9250053,0
9.9273303,0
9.9296532,0
9.9319782,0
9.9343011,0
9.936624,0
9.938949,0
9.9412719,0
9.9435969,0
9.9459198,0
9.9482427,0
9.9505676,0
9.9528906,0
9.9552134,0
9.9575384,0
9.9598613,0
9.9621863,0
9.9645092,0
9.9668321,0
9.9691571,1394.336304
9.97148,0
9.973805,0
9.9761279,0
9.9784508,0
9.9807758,0
9.9830986,0
9.9854237,0
9.9877466,0
9.9900695,0
9.9923945,0
9.9947174,0
9.9970403,0
9.9993652,0
10.001688,0
10.004013,0
10.008511,0
10.010836,0
10.013159,0
10.015482,0
10.017807,0
10.02013,0
10.022455,0
10.024778,0
10.0271,0
10.029425,0
10.031748,0
10.034073,0
10.036396,0
10.038719,0
10.041044,0
10.043367,0
10.045692,0
10.048015,0
10.050338,0
10.052663,0
10.054986,0
10.057309,0
10.059634,0
10.061956,0
10.064281,0
10.066615,0
10.068938,0
10.071263,0
10.073586,0
10.075911,0
10.078233,0
10.080556,0
10.082881,0
10.085204,0
10.087529,0
10.092031,0
10.094354,0
10.096677,0
10.099002,0
10.101325,0
10.103648,0
10.105973,0
10.108296,0
10.110621,0
10.112944,0
10.115266,0
10.117591,0
10.119914,0
10.122239,0
10.124562,0
10.126885,0
10.12921,0
10.131533,0
10.133858,0
10.136185,1221.344116
10.138508,0
10.140833,0
10.143156,0
10.145479,0
10.147804,0
10.150127,0
10.152452,0
10.154775,0
10.157102,0
10.159424,0
10.16175,0
10.164072,0
10.166395,0
10.16872,0
10.171043,0
10.175543,0
10.177868,0
10.180191,0
10.182514,0
10.184839,0
10.187162,0
10.189487,0
10.19181,0
10.194133,0
10.196458,0
10.198781,0
10.201103,0
10.203428,0
10.205751,0
10.208076,0
10.210399,0
10.212722,0
10.215047,0
10.21737,0
10.219695,0
10.222018,0
10.224341,0
10.226666,0
10.228989,0
10.231314,0
10.233637,0
10.235959,0
10.238284,0
10.240607,0
10.24293,0
10.245255,0
10.247578,0
10.249903,0
10.252226,0
10.254549,0
10.259051,0
10.261374,0
10.263699,0
10.266022,0
10.268345,0
10.27067,0
10.272992,0
10.275317,0
10.27764,0
10.279963,0
10.282288,0
10.284611,0
10.286936,0
10.289259,0
10.291582,0
10.293907,0
10.29623,0
10.298555,0
10.300878,0
10.303201,0
10.305526,0
10.307848,0
10.310173,0
10.312496,0
10.314819,0
10.317144,0
10.319467,0
10.32179,0
10.324115,0
10.326438,0
10.328763,0
10.331086,0
10.333409,0
10.335734,0
10.338057,0
10.342563,0
10.344888,0
10.347211,0
10.349536,0
10.351859,0
10.354181,0
10.356506,0
10.358829,0
10.361152,0
10.363477,0
10.3658,0
10.368125,0
10.370448,0
10.372771,0
10.375096,0
10.377419,0
10.379744,0
10.382067,0
10.38439,0
10.386715,0
10.389037,0
10.391362,0
10.393685,0
10.396008,0
10.398333,0
10.400656,0
10.402979,0
10.405304,0
10.407627,0
10.409952,0
10.412275,0
10.414598,0
10.416923,0
10.419246,0
10.421571,0
10.426081,0
10.428404,0
10.430727,0
10.433052,0
10.435375,0
10.4377,0
10.440023,0
10.442345,0
10.44467,0
10.446993,0
10.449318,0
10.451641,0
10.453964,0
10.456289,0
10.458612,0
10.460935,0
10.46326,0
10.465583,0
10.467908,0
10.470231,0
10.472554,0
10.474879,0
10.477201,0
10.479526,0
10.481849,0
10.484172,0
10.486497,0
10.48882,0
10.491145,0
10.493468,0
10.495791,0
10.498116,0
10.500439,0
10.502762,0
10.505087,0
10.509587,0
10.511912,0
10.514235,0
10.516559,0
10.518882,0
10.521205,0
10.52353,0
10.525853,0
10.528176,0
10.530501,0
10.532824,0
10.535149,0
10.537472,0
10.539795,0
10.54212,0
10.544443,0
10.546768,0
10.549091,0
10.551413,0
10.553738,0
10.556061,0
10.558386,0
10.560709,0
10.563032,0
10.565357,0
10.56768,0
10.570003,0
10.572328,0
10.574651,0
10.576976,0
10.579299,0
10.581622,0
10.583947,0
10.586269,0
10.588594,0
10.593094,0
10.595417,0
10.59774,0
10.600065,0
10.602388,0
10.604713,0
10.607036,0
10.609359,0
10.611684,0
10.614007,0
10.616332,0
10.618655,0
10.620978,0
10.623302,0
10.625625,0
10.62795,0
10.630273,0
10.632596,0
10.634921,0
10.637244,0
10.639567,0
10.641892,0
10.644215,0
10.64654,0
10.648863,0
10.651186,0
10.653511,0
10.655834,0
10.658159,0
10.660481,0
10.662804,0
10.665129,0
10.667452,0
10.669775,0
10.6721,0
10.676598,0
10.678921,0
10.681246,0
10.683569,0
10.685892,0
10.688217,0
10.69054,0
10.692862,0
10.695187,0
10.69751,0
10.699835,0
10.702158,0
10.704481,0
10.706806,0
10.709129,0
10.711454,0
10.713777,0
10.7161,0
10.718425,0
10.720748,0
10.723073,0
10.725396,0
10.727718,0
10.730043,0
10.732366,0
10.734689,0
10.737014,0
10.739337,0
10.741662,0
10.743985,0
10.746308,0
10.748633,0
10.750956,0
10.753281,0
10.755604,0
10.760108,0
10.762431,0
10.764754,0
10.767079,0
10.769401,0
10.771724,0
10.774049,0
10.776372,0
10.778697,0
10.78102,0
10.783343,0
10.785668,0
10.787991,0
10.790316,0
10.792639,0
10.794962,0
10.797287,0
10.79961,0
10.801935,0
10.804258,0
10.80658,0
10.808905,0
10.811228,0
10.813551,0
10.815876,0
10.818199,0
10.820524,0
10.822847,0
10.82517,0
10.827495,0
10.829818,0
10.832143,0
10.834466,0
10.836788,0
10.839113,0
10.843609,0
10.845932,0
10.848257,0
10.85058,0
10.852903,0
10.855228,0
10.857551,0
10.859876,0
10.862199,0
10.864522,0
10.866847,0
10.86917,0
10.871495,0
10.873817,0
10.87614,0
10.878465,0
10.880788,0
10.883113,0
10.885436,0
10.887759,0
10.890084,0
10.892407,0
10.89473,0
10.897055,0
10.899378,0
10.901703,0
10.904026,0
10.906348,0
10.908673,0
10.910996,0
10.913321,0
10.915644,0
10.917967,0
10.920292,0
10.922615,0
10.927119,0
10.929442,0
10.931767,0
10.93409,0
10.936413,0
10.938738,0
10.941061,0
10.943386,0
10.945709,0
10.948031,0
10.950356,0
10.952679,0
10.955004,0
10.957327,0
10.95965,0
10.961975,0
10.964298,0
10.966621,0
10.968946,0
10.971269,0
10.973594,0
10.975917,0
10.97824,0
10.980565,0
10.982887,0
10.985212,0
10.987535,0
10.989858,0
10.992183,0
10.994506,0
10.996831,0
10.999154,0
11.001477,0
11.003802,0
11.006125,0
11.010633,0
11.012956,0
11.015279,0
11.017604,0
11.019927,0
11.022252,0
11.024575,0
11.026898,0
11.029223,0
11.031545,0
11.03387,0
11.036193,0
11.038516,0
11.040841,0
11.043164,0
11.045489,0
11.047812,0
11.050135,0
11.05246,0
11.054783,0
11.057108,0
11.059431,0
11.061754,0
11.064079,0
11.066401,0
11.068724,0
11.071049,0
11.073372,0
11.075697,0
11.07802,0
11.080343,0
11.082668,0
11.084991,0
11.087316,0
11.091816,0
11.094139,0
11.096462,0
11.098787,0
11.10111,0
11.103435,0
11.105757,0
11.10808,0
11.110405,0
11.112728,0
11.115053,0
11.117376,0
11.119699,0
11.122024,0
11.124347,0
11.12667,0
11.128995,0
11.131318,0
11.133643,0
11.135966,0
11.138288,0
11.140613,0
11.142936,0
11.145261,0
11.147584,0
11.149907,0
11.152232,0
11.154555,0
11.15688,0
11.159203,0
11.161526,0
11.163851,0
11.166174,0
11.168499,0
11.170822,0
11.175316,0
11.17764,0
11.179963,0
11.182288,0
11.184611,0
11.186936,0
11.189259,0
11.191582,0
11.193907,0
11.19623,0
11.198553,0
11.200878,0
11.203201,0
11.205526,0
11.207848,0
11.210171,0
11.212496,0
11.214819,0
11.217144,0
11.219467,0
11.22179,0
11.224115,0
11.226438,0
11.228761,0
11.231086,0
11.233409,0
11.235734,0
11.238057,0
11.240379,0
11.242704,0
11.245027,0
11.247352,0
11.249675,0
11.251998,0
11.254323,0
11.258821,0
11.261144,0
11.263469,0
11.265792,0
11.268115,0
11.27044,0
11.272762,0
11.275087,0
11.27741,0
11.279733,0
11.296577,0
11.317233,0
11.32955,2987.190186
11.346825,0
11.361556,3315.562744
11.370503,6112.055664
11.376033,4035.628174
11.381568,11050.20117
11.387097,3193.09375
11.392635,13386.96387
11.396866,6500.377441
11.40583,6070.246582
11.411378,5336.742676
11.415443,7074.422363
11.417766,6601.163574
11.420091,6717.606934
11.422414,3450.61499
11.426918,5687.231934
11.429241,6783.018555
11.431566,6475.311523
11.433888,5845.927734
11.436211,5293.514648
11.438559,2635.689209
11.440882,5120.527344
11.443207,4170.821289
11.44553,3888.234131
11.447876,0
11.450199,3642.543701
11.452524,3340.186768
11.454847,2836.271729
11.457172,5845.305664
11.459495,6944.669434
11.461817,3434.143311
11.464157,6100.975098
11.46648,4110.967773
11.468805,4478.431641
11.471128,3389.775879
11.473451,4200.498047
11.475776,5256.617188
11.478099,5140.273438
11.483661,4913.89209
11.489173,3868.722168
11.494688,5493.070801
11.5002,3361.638916
11.505715,3550.244873
11.513613,0
11.517855,3125.552002
11.520177,0
11.522517,1984.773438
11.52484,0
11.527165,4194.797852
11.529488,3494.363525
11.531811,2527.330078
11.534136,4144.482422
11.536473,0
11.538796,0
11.541121,2754.75415
11.543444,0
11.545769,2043.510864
11.548092,0
11.550415,0
11.55274,0
11.555073,7169.091797
11.557398,2389.949707
11.562963,0
11.567204,1915.209473
11.569527,0
11.57185,0
11.574175,3590.646484
11.576498,4677.868164
11.578823,3016.846191
11.581156,0
11.583479,0
11.585802,3799.367188
11.588127,2819.838379
11.592631,0
11.594956,3684.095947
11.597279,3131.549072
11.599604,0
11.601927,1998.170654
11.60425,0
11.606575,0
11.608898,0
11.611223,0
11.613546,2487.120605
11.615871,2843.827637
11.618193,3840.546631
11.620516,0
11.622841,3904.376221
11.625164,0
11.627489,2022.92395
11.629812,0
11.632135,1897.142212
11.634472,3632.41333
11.636795,2012.738281
11.63912,2044.708496
11.641443,0
11.643766,0
11.646091,0
11.648414,2759.342529
11.650747,2461.173584
11.65307,2503.688232
11.655393,4624.624023
11.657718,0
11.663312,4790.86377
11.667539,0
11.669862,0
11.672187,1670.983276
11.676685,0
11.679008,0
11.681333,0
11.683655,0
11.68598,0
11.688303,0
11.690626,0
11.692951,2608.887695
11.695274,0
11.697599,0
11.699922,0
11.702245,3133.717041
11.70457,2768.296631
11.706893,2276.262939
11.709218,1861.168457
11.711541,0
11.713864,0
11.716189,0
11.718511,0
11.720834,2822.297363
11.723159,0
11.725486,0
11.727811,0
11.730136,2310.871094
11.732461,3228.239258
11.734784,2512.485596
11.737109,0
11.739432,0
11.741763,0
11.744086,0
11.746411,0
11.748734,2390.677002
11.751057,2138.381104
11.753382,2133.162842
11.755705,0
11.760207,0
11.762532,2048.964355
11.764855,0
11.76718,0
11.769503,0
11.771826,0
11.774151,1931.612427
11.776474,0
11.778796,0
11.781121,0
11.783444,0
11.785769,0
11.788092,0
11.790415,0
11.79274,0
11.795063,0
11.797388,0
11.799711,0
11.802034,0
11.804359,2768.388184
11.806682,0
11.809007,0
11.81133,2285.477783
11.813652,0
11.815977,0
11.8183,0
11.820625,0
11.822948,2098.97876
11.825271,0
11.827596,2366.737305
11.829919,2250.598389
11.832242,0
11.834567,2553.267334
11.83689,0
11.839215,0
11.843711,0
11.846036,0
11.848358,0
11.850683,0
11.853006,0
11.855329,0
11.857654,0
11.859977,0
11.862302,0
11.864625,2101.209717
11.866948,0
11.869273,0
11.871596,2209.996094
11.873921,2062.971191
11.876244,0
11.878567,0
11.880892,0
11.883214,2523.866943
11.885537,0
11.887862,2497.72168
11.890185,0
11.89251,2529.182373
11.894833,0
11.897156,0
11.899481,1743.368652
11.901804,0
11.904129,1634.557373
11.906452,0
11.908775,0
11.9111,0
11.913423,0
11.915748,1826.779785
11.91807,0
11.920393,0
11.922725,2573.915527
11.927223,3284.851074
11.929547,1889.64624
11.93187,0
11.934195,0
11.936518,2779.071533
11.938843,0
11.941166,0
11.943491,0
11.945814,2058.120117
11.948137,0
11.950462,0
11.952785,0
11.955114,0
11.957437,0
11.959762,0
11.962085,1762.815186
11.96441,0
11.966733,0
11.969056,0
11.971381,0
11.973703,0
11.976035,0
11.978358,0
11.980683,0
11.983005,0
11.985328,0
11.987653,0
11.989976,0
11.992301,2137.237061
11.994624,0
11.996947,0
11.999272,2888.348877
12.001595,0
12.00392,0
12.008418,1637.611938
12.010743,0
12.013066,2324.682129
12.015391,1910.016602
12.017714,0
12.020036,0
12.022361,0
12.024684,0
12.027009,1907.721313
12.029353,0
12.031676,1757.116943
12.033999,0
12.036324,0
12.038647,2433.961914
12.040972,1781.095093
12.043295,2229.38208
12.04563,0
12.047955,1754.045654
12.050278,0
12.052603,1867.166016
12.054926,1941.914795
12.057249,0
12.059574,2147.539063
12.061897,0
12.064219,0
12.066544,3182.527344
12.068867,0
12.071192,1528.761841
12.073515,0
12.075838,3027.796631
12.078163,0
12.080486,0
12.082821,0
12.085144,0
12.087469,0
12.091976,0
12.094298,0
12.096623,2417.32666
12.098946,0
12.101271,2987.693115
12.103594,2464.367432
12.105917,0
12.108242,1868.678101
12.110565,0
12.112888,2435.374023
12.115213,0
12.117536,0
12.119861,0
12.122184,0
12.124507,0
12.126831,0
12.129154,0
12.131479,2203.686523
12.133802,0
12.136125,2839.934814
12.13845,0
12.140773,0
12.143098,1868.270508
12.145421,0
12.147744,0
12.150069,0
12.152392,0
12.154717,0
12.15704,0
12.159363,0
12.161688,0
12.16401,0
12.166333,0
12.168658,0
12.170981,0
12.175481,0
12.177804,1957.082397
12.180129,0
12.182452,0
12.184775,0
12.1871,0
12.189423,0
12.191748,0
12.194071,0
12.196394,2530.832031
12.198718,0
12.201041,0
12.203364,0
12.205689,2114.982666
12.208012,0
12.210337,0
12.21266,0
12.214983,0
12.217308,1935.236206
12.219631,0
12.221956,0
12.224279,0
12.226602,0
12.228927,1897.62854
12.23125,2428.635986
12.233575,0
12.235897,2833.284424
12.23822,2455.504395
12.240545,0
12.242868,2008.864746
12.245191,1622.171265
12.247516,0
12.249839,0
12.252164,0
12.254487,0
12.258991,1945.93042
12.261314,2200.641113
12.263637,0
12.265962,1959.773193
12.268285,0
12.270608,1615.022827
12.272933,0
12.275255,0
12.27758,0
12.279903,0
12.282226,2006.734497
12.284551,2119.376953
12.286874,2368.898438
12.289199,0
12.291522,1939.562866
12.293845,0
12.296172,0
12.298495,0
12.30082,0
12.303143,0
12.305466,2022.924194
12.307791,1884.862427
12.310114,0
12.312443,0
12.314766,0
12.317091,2259.990723
12.319413,1860.594238
12.321736,0
12.324061,0
12.326384,0
12.328709,2110.215332
12.331032,0
12.333365,2105.158936
12.335688,0
12.338011,0
12.342511,1778.756714
12.344836,0
12.347159,0
12.349482,0
12.351807,1899.320923
12.35413,1809.862061
12.356453,0
12.358778,0
12.361101,0
12.363426,0
12.365749,2191.265869
12.368071,0
12.370396,0
12.372719,2813.653076
12.375044,0
12.377367,2422.323242
12.37969,2295.892822
12.382015,0
12.384338,0
12.386663,0
12.388986,0
12.391309,0
12.393634,0
12.395957,2319.729004
12.39828,2315.763428
12.400605,0
12.40293,0
12.405252,0
12.407577,2211.889648
12.4099,0
12.412223,0
12.414548,0
12.416871,0
12.419196,0
12.421519,0
12.426015,0
12.42834,2021.825806
12.430663,0
12.432988,0
12.435311,0
12.437634,0
12.439958,1825.491577
12.442281,1980.119019
12.444606,0
12.446929,1643.477173
12.449252,0
12.451577,0
12.4539,0
12.456231,0
12.458554,0
12.460879,0
12.463202,0
12.465525,0
12.46785,2486.372559
12.470173,0
12.472502,2176.374268
12.474825,0
12.47715,2222.364258
12.479473,0
12.481796,0
12.484121,2631.353271
12.486448,2341.993652
12.488771,2169.764893
12.491096,0
12.493427,0
12.495752,0
12.498075,0
12.500398,0
12.502723,0
12.505045,0
12.509552,2023.097534
12.511875,0
12.514198,1944.459717
12.516523,0
12.518845,0
12.52117,1980.902832
12.523493,0
12.525816,0
12.528141,0
12.530464,0
12.532789,0
12.535112,0
12.537435,0
12.53976,0
12.542083,0
12.544408,0
12.546731,0
12.549054,0
12.551379,0
12.553701,0
12.556026,0
12.558349,0
12.560672,0
12.562997,0
12.56532,2065.982666
12.567643,0
12.569968,0
12.572291,0
12.574616,0
12.576939,0
12.579262,0
12.581587,0
12.58391,0
12.586235,0
12.588557,0
12.593057,0
12.59538,0
12.597705,2406.919189
12.600028,0
12.602353,0
12.604676,0
12.606999,0
12.609324,0
12.611647,0
12.613972,0
12.616299,0
12.618624,0
12.620947,1679.543823
12.62327,1972.468994
12.625595,0
12.627918,1602.994141
12.630243,2294.468018
12.632565,0
12.634888,0
12.637213,0
12.639536,1489.307739
12.641861,0
12.644184,2584.071777
12.646507,0
12.648832,3049.236084
12.651155,0
12.65348,0
12.655803,1944.540527
12.658126,2653.173096
12.660451,0
12.662774,1854.558472
12.665096,0
12.667421,2253.330811
12.669744,0
12.672069,0
12.676573,0
12.678896,0
12.681221,0
12.683544,0
12.685873,0
12.688196,0
12.690521,0
12.692844,0
12.695167,0
12.697492,0
12.699815,1879.556885
12.702138,0
12.704463,0
12.70679,0
12.709113,0
12.711438,0
12.713761,0
12.716084,3365.754883
12.718409,0
12.720731,2151.083496
12.723056,0
12.725379,0
12.727702,2234.124268
12.730027,2069.902344
12.73235,0
12.734675,0
12.736998,0
12.739321,0
12.741646,0
12.743969,0
12.746294,0
12.748617,0
12.75094,0
12.753265,0
12.755587,0
12.760094,0
12.762417,2828.821289
12.764742,0
12.767064,0
12.769387,0
12.771712,2200.283691
12.774035,0
12.776362,0
12.778687,2241.438965
12.78101,0
12.783333,2492.430908
12.785658,0
12.787981,0
12.790306,0
12.792629,0
12.794952,1732.914551
12.797277,0
12.7996,0
12.801925,0
12.804248,0
12.80657,0
12.808895,0
12.811218,0
12.813552,0
12.815875,0
12.8182,0
12.820522,0
12.822847,0
12.82517,0
12.827493,0
12.829818,2355.450195
12.832141,0
12.834466,0
12.836789,2279.359619
12.839112,0
12.843616,0
12.845939,0
12.848264,2025.522583
12.850587,0
12.852912,0
12.855235,0
12.857558,0
12.859883,2115.832275
12.862205,0
12.864528,0
12.866853,2595.176758
12.869176,0
12.871501,0
12.873824,3073.60376
12.876147,0
12.878472,0
12.880795,1933.501099
12.883118,0
12.885443,0
12.887766,1861.327515
12.890091,0
12.892414,2147.498047
12.894736,0
12.897061,0
12.899384,0
12.901709,0
12.904032,0
12.906355,1952.284546
12.90868,0
12.911003,0
12.913328,2259.57666
12.915651,1845.603027
12.917974,0
12.920299,0
12.922622,2001.92041
12.927124,0
12.929447,1707.766479
12.931772,0
12.934095,0
12.93642,0
12.938742,1998.206421
12.941065,0
12.94339,2336.625732
12.945713,0
12.948038,0
12.950361,0
12.952684,1511.116821
12.955009,1776.116333
12.957332,0
12.959655,0
12.96198,0
12.964303,0
12.966628,0
12.968951,0
12.971273,0
12.973598,1850.076782
12.975921,0
12.978246,0
12.980569,0
12.982892,0
12.985217,0
12.98754,0
12.989865,0
12.992188,0
12.994511,0
12.996836,0
12.999159,1681.011108
13.001482,2620.264893
